1,Jill,Doe
2,Joe,Doe
3,Justin,Doe
4,Jane,Doe
5,John,Doe
6,Pankaj,kumar
7,Pankaj1,kumar
8,Ankit,ankit1
9,Jill,Doe
10,Joe,Doe
11,Justin,Doe
12,Jane,Doe
13,John,Doe
14,Pankaj,kumar
15,Pankaj1,kumar
16,Ankit,ankit1
17,Jill,Doe
18,Joe,Doe
19,Justin,Doe
20,Jane,Doe
21,John,Doe
22,Pankaj,kumar
23,Pankaj1,kumar
24,Ankit,ankit1
25,Jill,Doe
26,Joe,Doe
27,Justin,Doe
28,Jane,Doe
29,John,Doe
30,Pankaj,kumar
31,Pankaj1,kumar
32,Ankit,ankit1
33,Jill,Doe
34,Joe,Doe
35,Justin,Doe
36,Jane,Doe
37,John,Doe
38,Pankaj,kumar
39,Pankaj1,kumar
40,Ankit,ankit1
41,Jill,Doe
42,Joe,Doe
43,Justin,Doe
44,Jane,Doe
45,John,Doe
46,Pankaj,kumar
47,Pankaj1,kumar
48,Ankit,ankit1
49,Jill,Doe
50,Joe,Doe
51,Justin,Doe
52,Jane,Doe
53,John,Doe
54,Pankaj,kumar
55,Pankaj1,kumar
56,Ankit,ankit1
57,Jill,Doe
58,Joe,Doe
59,Justin,Doe
60,Jane,Doe
61,John,Doe
62,Pankaj,kumar
63,Pankaj1,kumar
64,Ankit,ankit1
65,Jill,Doe
66,Joe,Doe
67,Justin,Doe
68,Jane,Doe
69,John,Doe
70,Pankaj,kumar
71,Pankaj1,kumar
72,Ankit,ankit1
73,Jill,Doe
74,Joe,Doe
75,Justin,Doe
76,Jane,Doe
77,John,Doe
78,Pankaj,kumar
79,Pankaj1,kumar
80,Ankit,ankit1
81,Jill,Doe
82,Joe,Doe
83,Justin,Doe
84,Jane,Doe
85,John,Doe
86,Pankaj,kumar
87,Pankaj1,kumar
88,Ankit,ankit1
89,Jill,Doe
90,Joe,Doe
91,Justin,Doe
92,Jane,Doe
93,John,Doe
94,Pankaj,kumar
95,Pankaj1,kumar
96,Ankit,ankit1
97,Jill,Doe
98,Joe,Doe
99,Justin,Doe
100,Jane,Doe
101,John,Doe
102,Pankaj,kumar
103,Pankaj1,kumar
104,Ankit,ankit1
105,Jill,Doe
106,Joe,Doe
107,Justin,Doe
108,Jane,Doe
109,John,Doe
110,Pankaj,kumar
111,Pankaj1,kumar
112,Ankit,ankit1
113,Jill,Doe
114,Joe,Doe
115,Justin,Doe
116,Jane,Doe
117,John,Doe
118,Pankaj,kumar
119,Pankaj1,kumar
120,Ankit,ankit1
121,Jill,Doe
122,Joe,Doe
123,Justin,Doe
124,Jane,Doe
125,John,Doe
126,Pankaj,kumar
127,Pankaj1,kumar
128,Ankit,ankit1
129,Jill,Doe
130,Joe,Doe
131,Justin,Doe
132,Jane,Doe
133,John,Doe
134,Pankaj,kumar
135,Pankaj1,kumar
136,Ankit,ankit1
137,Jill,Doe
138,Joe,Doe
139,Justin,Doe
140,Jane,Doe
141,John,Doe
142,Pankaj,kumar
143,Pankaj1,kumar
144,Ankit,ankit1
145,Jill,Doe
146,Joe,Doe
147,Justin,Doe
148,Jane,Doe
149,John,Doe
150,Pankaj,kumar
151,Pankaj1,kumar
152,Ankit,ankit1
153,Jill,Doe
154,Joe,Doe
155,Justin,Doe
156,Jane,Doe
157,John,Doe
158,Pankaj,kumar
159,Pankaj1,kumar
160,Ankit,ankit1
161,Jill,Doe
162,Joe,Doe
163,Justin,Doe
164,Jane,Doe
165,John,Doe
166,Pankaj,kumar
167,Pankaj1,kumar
168,Ankit,ankit1
169,Jill,Doe
170,Joe,Doe
171,Justin,Doe
172,Jane,Doe
173,John,Doe
174,Pankaj,kumar
175,Pankaj1,kumar
176,Ankit,ankit1
177,Jill,Doe
178,Joe,Doe
179,Justin,Doe
180,Jane,Doe
181,John,Doe
182,Pankaj,kumar
183,Pankaj1,kumar
184,Ankit,ankit1
185,Jill,Doe
186,Joe,Doe
187,Justin,Doe
188,Jane,Doe
189,John,Doe
190,Pankaj,kumar
191,Pankaj1,kumar
192,Ankit,ankit1
193,Jill,Doe
194,Joe,Doe
195,Justin,Doe
196,Jane,Doe
197,John,Doe
198,Pankaj,kumar
199,Pankaj1,kumar
200,Ankit,ankit1
201,Jill,Doe
202,Joe,Doe
203,Justin,Doe
204,Jane,Doe
205,John,Doe
206,Pankaj,kumar
207,Pankaj1,kumar
208,Ankit,ankit1
209,Jill,Doe
210,Joe,Doe
211,Justin,Doe
212,Jane,Doe
213,John,Doe
214,Pankaj,kumar
215,Pankaj1,kumar
216,Ankit,ankit1
217,Jill,Doe
218,Joe,Doe
219,Justin,Doe
220,Jane,Doe
221,John,Doe
222,Pankaj,kumar
223,Pankaj1,kumar
224,Ankit,ankit1
225,Jill,Doe
226,Joe,Doe
227,Justin,Doe
228,Jane,Doe
229,John,Doe
230,Pankaj,kumar
231,Pankaj1,kumar
232,Ankit,ankit1
233,Jill,Doe
234,Joe,Doe
235,Justin,Doe
236,Jane,Doe
237,John,Doe
238,Pankaj,kumar
239,Pankaj1,kumar
240,Ankit,ankit1
241,Jill,Doe
242,Joe,Doe
243,Justin,Doe
244,Jane,Doe
245,John,Doe
246,Pankaj,kumar
247,Pankaj1,kumar
248,Ankit,ankit1
249,Jill,Doe
250,Joe,Doe
251,Justin,Doe
252,Jane,Doe
253,John,Doe
254,Pankaj,kumar
255,Pankaj1,kumar
256,Ankit,ankit1
257,Jill,Doe
258,Joe,Doe
259,Justin,Doe
260,Jane,Doe
261,John,Doe
262,Pankaj,kumar
263,Pankaj1,kumar
264,Ankit,ankit1
265,Jill,Doe
266,Joe,Doe
267,Justin,Doe
268,Jane,Doe
269,John,Doe
270,Pankaj,kumar
271,Pankaj1,kumar
272,Ankit,ankit1
273,Jill,Doe
274,Joe,Doe
275,Justin,Doe
276,Jane,Doe
277,John,Doe
278,Pankaj,kumar
279,Pankaj1,kumar
280,Ankit,ankit1
281,Jill,Doe
282,Joe,Doe
283,Justin,Doe
284,Jane,Doe
285,John,Doe
286,Pankaj,kumar
287,Pankaj1,kumar
288,Ankit,ankit1
289,Jill,Doe
290,Joe,Doe
291,Justin,Doe
292,Jane,Doe
293,John,Doe
294,Pankaj,kumar
295,Pankaj1,kumar
296,Ankit,ankit1
297,Jill,Doe
298,Joe,Doe
299,Justin,Doe
300,Jane,Doe
301,John,Doe
302,Pankaj,kumar
303,Pankaj1,kumar
304,Ankit,ankit1
305,Jill,Doe
306,Joe,Doe
307,Justin,Doe
308,Jane,Doe
309,John,Doe
310,Pankaj,kumar
311,Pankaj1,kumar
312,Ankit,ankit1
313,Jill,Doe
314,Joe,Doe
315,Justin,Doe
316,Jane,Doe
317,John,Doe
318,Pankaj,kumar
319,Pankaj1,kumar
320,Ankit,ankit1
321,Jill,Doe
322,Joe,Doe
323,Justin,Doe
324,Jane,Doe
325,John,Doe
326,Pankaj,kumar
327,Pankaj1,kumar
328,Ankit,ankit1
329,Jill,Doe
330,Joe,Doe
331,Justin,Doe
332,Jane,Doe
333,John,Doe
334,Pankaj,kumar
335,Pankaj1,kumar
336,Ankit,ankit1
337,Jill,Doe
338,Joe,Doe
339,Justin,Doe
340,Jane,Doe
341,John,Doe
342,Pankaj,kumar
343,Pankaj1,kumar
344,Ankit,ankit1
345,Jill,Doe
346,Joe,Doe
347,Justin,Doe
348,Jane,Doe
349,John,Doe
350,Pankaj,kumar
351,Pankaj1,kumar
352,Ankit,ankit1
353,Jill,Doe
354,Joe,Doe
355,Justin,Doe
356,Jane,Doe
357,John,Doe
358,Pankaj,kumar
359,Pankaj1,kumar
360,Ankit,ankit1
361,Jill,Doe
362,Joe,Doe
363,Justin,Doe
364,Jane,Doe
365,John,Doe
366,Pankaj,kumar
367,Pankaj1,kumar
368,Ankit,ankit1
369,Jill,Doe
370,Joe,Doe
371,Justin,Doe
372,Jane,Doe
373,John,Doe
374,Pankaj,kumar
375,Pankaj1,kumar
376,Ankit,ankit1
377,Jill,Doe
378,Joe,Doe
379,Justin,Doe
380,Jane,Doe
381,John,Doe
382,Pankaj,kumar
383,Pankaj1,kumar
384,Ankit,ankit1
385,Jill,Doe
386,Joe,Doe
387,Justin,Doe
388,Jane,Doe
389,John,Doe
390,Pankaj,kumar
391,Pankaj1,kumar
392,Ankit,ankit1
393,Jill,Doe
394,Joe,Doe
395,Justin,Doe
396,Jane,Doe
397,John,Doe
398,Pankaj,kumar
399,Pankaj1,kumar
400,Ankit,ankit1
401,Jill,Doe
402,Joe,Doe
403,Justin,Doe
404,Jane,Doe
405,John,Doe
406,Pankaj,kumar
407,Pankaj1,kumar
408,Ankit,ankit1
409,Jill,Doe
410,Joe,Doe
411,Justin,Doe
412,Jane,Doe
413,John,Doe
414,Pankaj,kumar
415,Pankaj1,kumar
416,Ankit,ankit1
417,Jill,Doe
418,Joe,Doe
419,Justin,Doe
420,Jane,Doe
421,John,Doe
422,Pankaj,kumar
423,Pankaj1,kumar
424,Ankit,ankit1
425,Jill,Doe
426,Joe,Doe
427,Justin,Doe
428,Jane,Doe
429,John,Doe
430,Pankaj,kumar
431,Pankaj1,kumar
432,Ankit,ankit1
433,Jill,Doe
434,Joe,Doe
435,Justin,Doe
436,Jane,Doe
437,John,Doe
438,Pankaj,kumar
439,Pankaj1,kumar
440,Ankit,ankit1
441,Jill,Doe
442,Joe,Doe
443,Justin,Doe
444,Jane,Doe
445,John,Doe
446,Pankaj,kumar
447,Pankaj1,kumar
448,Ankit,ankit1
449,Jill,Doe
450,Joe,Doe
451,Justin,Doe
452,Jane,Doe
453,John,Doe
454,Pankaj,kumar
455,Pankaj1,kumar
456,Ankit,ankit1
457,Jill,Doe
458,Joe,Doe
459,Justin,Doe
460,Jane,Doe
461,John,Doe
462,Pankaj,kumar
463,Pankaj1,kumar
464,Ankit,ankit1
465,Jill,Doe
466,Joe,Doe
467,Justin,Doe
468,Jane,Doe
469,John,Doe
470,Pankaj,kumar
471,Pankaj1,kumar
472,Ankit,ankit1
473,Jill,Doe
474,Joe,Doe
475,Justin,Doe
476,Jane,Doe
477,John,Doe
478,Pankaj,kumar
479,Pankaj1,kumar
480,Ankit,ankit1
481,Jill,Doe
482,Joe,Doe
483,Justin,Doe
484,Jane,Doe
485,John,Doe
486,Pankaj,kumar
487,Pankaj1,kumar
488,Ankit,ankit1
489,Jill,Doe
490,Joe,Doe
491,Justin,Doe
492,Jane,Doe
493,John,Doe
494,Pankaj,kumar
495,Pankaj1,kumar
496,Ankit,ankit1
497,Jill,Doe
498,Joe,Doe
499,Justin,Doe
500,Jane,Doe
501,John,Doe
502,Pankaj,kumar
503,Pankaj1,kumar
504,Ankit,ankit1
505,Jill,Doe
506,Joe,Doe
507,Justin,Doe
508,Jane,Doe
509,John,Doe
510,Pankaj,kumar
511,Pankaj1,kumar
512,Ankit,ankit1
513,Jill,Doe
514,Joe,Doe
515,Justin,Doe
516,Jane,Doe
517,John,Doe
518,Pankaj,kumar
519,Pankaj1,kumar
520,Ankit,ankit1
521,Jill,Doe
522,Joe,Doe
523,Justin,Doe
524,Jane,Doe
525,John,Doe
526,Pankaj,kumar
527,Pankaj1,kumar
528,Ankit,ankit1
529,Jill,Doe
530,Joe,Doe
531,Justin,Doe
532,Jane,Doe
533,John,Doe
534,Pankaj,kumar
535,Pankaj1,kumar
536,Ankit,ankit1
537,Jill,Doe
538,Joe,Doe
539,Justin,Doe
540,Jane,Doe
541,John,Doe
542,Pankaj,kumar
543,Pankaj1,kumar
544,Ankit,ankit1
545,Jill,Doe
546,Joe,Doe
547,Justin,Doe
548,Jane,Doe
549,John,Doe
550,Pankaj,kumar
551,Pankaj1,kumar
552,Ankit,ankit1
553,Jill,Doe
554,Joe,Doe
555,Justin,Doe
556,Jane,Doe
557,John,Doe
558,Pankaj,kumar
559,Pankaj1,kumar
560,Ankit,ankit1
561,Jill,Doe
562,Joe,Doe
563,Justin,Doe
564,Jane,Doe
565,John,Doe
566,Pankaj,kumar
567,Pankaj1,kumar
568,Ankit,ankit1
569,Jill,Doe
570,Joe,Doe
571,Justin,Doe
572,Jane,Doe
573,John,Doe
574,Pankaj,kumar
575,Pankaj1,kumar
576,Ankit,ankit1
577,Jill,Doe
578,Joe,Doe
579,Justin,Doe
580,Jane,Doe
581,John,Doe
582,Pankaj,kumar
583,Pankaj1,kumar
584,Ankit,ankit1
585,Jill,Doe
586,Joe,Doe
587,Justin,Doe
588,Jane,Doe
589,John,Doe
590,Pankaj,kumar
591,Pankaj1,kumar
592,Ankit,ankit1
593,Jill,Doe
594,Joe,Doe
595,Justin,Doe
596,Jane,Doe
597,John,Doe
598,Pankaj,kumar
599,Pankaj1,kumar
600,Ankit,ankit1
601,Jill,Doe
602,Joe,Doe
603,Justin,Doe
604,Jane,Doe
605,John,Doe
606,Pankaj,kumar
607,Pankaj1,kumar
608,Ankit,ankit1
609,Jill,Doe
610,Joe,Doe
611,Justin,Doe
612,Jane,Doe
613,John,Doe
614,Pankaj,kumar
615,Pankaj1,kumar
616,Ankit,ankit1
617,Jill,Doe
618,Joe,Doe
619,Justin,Doe
620,Jane,Doe
621,John,Doe
622,Pankaj,kumar
623,Pankaj1,kumar
624,Ankit,ankit1
625,Jill,Doe
626,Joe,Doe
627,Justin,Doe
628,Jane,Doe
629,John,Doe
630,Pankaj,kumar
631,Pankaj1,kumar
632,Ankit,ankit1
633,Jill,Doe
634,Joe,Doe
635,Justin,Doe
636,Jane,Doe
637,John,Doe
638,Pankaj,kumar
639,Pankaj1,kumar
640,Ankit,ankit1
641,Jill,Doe
642,Joe,Doe
643,Justin,Doe
644,Jane,Doe
645,John,Doe
646,Pankaj,kumar
647,Pankaj1,kumar
648,Ankit,ankit1
649,Jill,Doe
650,Joe,Doe
651,Justin,Doe
652,Jane,Doe
653,John,Doe
654,Pankaj,kumar
655,Pankaj1,kumar
656,Ankit,ankit1
657,Jill,Doe
658,Joe,Doe
659,Justin,Doe
660,Jane,Doe
661,John,Doe
662,Pankaj,kumar
663,Pankaj1,kumar
664,Ankit,ankit1
665,Jill,Doe
666,Joe,Doe
667,Justin,Doe
668,Jane,Doe
669,John,Doe
670,Pankaj,kumar
671,Pankaj1,kumar
672,Ankit,ankit1
673,Jill,Doe
674,Joe,Doe
675,Justin,Doe
676,Jane,Doe
677,John,Doe
678,Pankaj,kumar
679,Pankaj1,kumar
680,Ankit,ankit1
681,Jill,Doe
682,Joe,Doe
683,Justin,Doe
684,Jane,Doe
685,John,Doe
686,Pankaj,kumar
687,Pankaj1,kumar
688,Ankit,ankit1
689,Jill,Doe
690,Joe,Doe
691,Justin,Doe
692,Jane,Doe
693,John,Doe
694,Pankaj,kumar
695,Pankaj1,kumar
696,Ankit,ankit1
697,Jill,Doe
698,Joe,Doe
699,Justin,Doe
700,Jane,Doe
701,John,Doe
702,Pankaj,kumar
703,Pankaj1,kumar
704,Ankit,ankit1
